is_gain_opportunity,pct_change_est_avg_price,pct_change_est_avg_trade_volume
0,0.016394987,5.506277441
0,9.27E-05,-0.65214404
0,-0.005376344,0.343707913
0,-0.008387698,-0.622567694
0,0.001456767,0.132461689
0,-9.38E-05,-0.182674324
0,0.006898494,0.122391832
0,0.006991051,-0.198474221
0,0.000647968,-0.224679599
0,-0.006521739,0.021512322
0,-0.015875972,0.5758986
0,0.000189233,1.141382472
0,0.033052564,4.263051102
0,0.003509134,-0.6569956
0,0.015838733,0.527063074
0,0.029462387,-0.309816131
0,0.001475216,0.41025746
0,-0.001767652,-0.235711237
0,-0.007575012,-0.359458467
0,-0.023394132,0.770072856
0,-0.003451076,-0.423562841
0,0.015685476,0.221410828
0,0.014941837,-0.276643041
0,-0.000592827,-0.251062773
0,-0.00899654,-0.236722726
0,-0.000598563,0.017637973
0,-0.016170892,-0.631248115
0,-0.027090097,1.81873542
0,0.006465742,-0.566232715
0,0.007045902,1.000589844
0,0.005041671,0.493578342
0,-0.001842752,0.41268032
0,-0.011897436,0.153548682
0,0.007058335,-0.627181721
0,-0.002061431,-0.060540685
0,-0.002582111,0.367358001
0,0.00341721,0.63218472
0,-0.006707946,-0.648538458
0,-0.005922078,0.900107698
0,-0.00041806,-0.438886692
0,-0.00083647,-0.394466781
0,0.004499791,1.541216403
0,-0.004062923,-0.374455899
0,-0.002824268,0.56859125
0,0.00597923,0.474656447
0,-0.005213764,-0.541441091
0,-0.000733753,-0.555883522
0,-0.000524494,0.640610867
0,-0.015743073,1.149806985
0,0.001812753,-0.002978314
0,-0.008940926,-0.126537941
0,-0.010847385,-0.547461277
0,0.013463626,1.038988164
0,0.005999571,-0.371671827
0,-0.002555911,0.923866768
0,-0.006085842,-0.070403899
0,0.003759802,-0.010336641
0,0.016588185,-0.152376279
0,-0.007053374,-0.069112694
0,-0.015903308,-0.187053871
0,-0.003232062,-0.278950487
0,0.003674881,2.853287966
0,-0.021537799,-0.215316474
0,-0.032137354,0.6261041
0,-0.026609052,0.464021361
0,-0.000233645,0.073916529
0,-0.005608787,-0.49469702
0,0.000352526,-0.263219098
0,-0.013861154,0.701893243
0,0.011911852,-0.030087886
0,0.011889347,-0.820985939
0,0.001744998,0.254533805
0,-0.003600046,-0.539812546
0,-0.005594406,-0.117907953
0,-0.000468823,0.183789941
0,-0.001289869,-0.325987414
0,0.001408947,-0.087104961
0,-0.003517411,1.006030658
0,0.003765149,1.915434489
0,0.017817372,0.390836873
0,0.002303351,1.244132574
0,-0.01620131,-0.626535239
0,0.003503854,-0.527483696
0,0.020135009,1.138432509
0,0.011865374,1.467468575
0,0.003157064,-0.53700837
0,-0.001123974,-0.403479003
0,-0.004050861,2.002034832
0,0.010168343,0.093476168
0,-0.002572419,-0.496595856
0,0.006279435,0.147744324
0,0.003231558,-0.44235167
0,0.002665778,1.144806415
0,0.018832392,1.928326907
0,0.004131782,-0.751569953
0,-0.016025988,1.22255313
0,-0.001320568,-0.845691772
0,-0.003856749,0.759830605
0,-0.009181416,0.10196729
0,0.003014402,-0.352323407
0,0.000222618,-0.575109254
0,-0.020698865,6.885800624
0,-0.006136364,-0.740937497
0,-0.002058084,0.145735639
0,0.006186984,1.245618575
0,0.012411751,0.046296369
0,0.006186031,-0.303228241
0,0.013525598,2.224907368
0,-0.006396824,-0.538713294
0,0.000888001,0.581512631
0,0.008206721,0.698281167
0,0.004509955,-0.88589152
0,0.003832676,1.770413671
0,-0.005563434,-0.501208941
0,-0.010092146,1.626702721
0,-0.006648936,-0.670066085
0,-0.000557787,2.057498101
0,-0.004241545,-0.764730005
0,-0.001569331,0.87197953
0,0.001122712,-0.64549901
0,0.002579343,0.355159299
0,0.007270694,0.515173443
0,0.001221544,0.850108857
0,-0.004880213,-0.803417065
0,-0.005461436,1.482649427
0,-0.003362098,1.260575167
0,-0.001911616,-0.579670032
0,-0.001464624,-0.403185377
0,-0.004625973,1.282510744
0,-0.003627295,0.293110713
0,0.001478953,1.972076036
0,0.012722935,-0.732450517
0,0.01121705,1.978593984
0,-0.006988353,-0.430235118
0,-0.001117069,-0.530795463
0,-0.007604563,0.163050024
0,-0.00180302,-0.200871576
0,0.003951231,-0.5888185
0,-0.004048128,3.589782873
0,0.009484024,-0.351848393
0,0.016664803,2.342257484
0,-0.000550055,-0.344218517
0,-0.009686296,-0.621853353
0,-0.001556074,0.322961259
0,-0.000222643,0.049385028
0,-0.005567309,0.711274346
0,-0.009069533,-0.67720785
0,-0.008361582,1.708915943
0,-0.006836828,0.070689365
0,-0.010670032,-0.51084513
0,0.002899223,-0.525951122
0,0.006822387,0.148170185
0,-0.002067302,0.783753833
0,0.008746691,-0.286110617
0,0.00022818,-0.04442209
0,-0.006501654,1.066644065
0,-0.002985075,-0.610418388
0,0.000345463,1.775632442
0,-0.000230229,-0.524635053
0,-0.00552677,-0.140443271
0,-0.0048628,3.157942433
0,0.00069808,-0.556857755
0,0.000697593,1.161053062
0,0.010340421,-0.600967188
0,0.006209752,0.773649316
0,0.002171429,-0.325002856
0,0.00057019,-0.405550371
0,-0.005470709,-0.401721384
0,0.003781802,0.144983353
0,-0.001255851,0.191657128
0,-0.005144033,-0.479609013
0,-0.005400437,2.205787987
0,0.005660813,-0.394540628
0,-0.001608271,0.138118985
0,0.009089863,-0.480427433
0,0.010262258,4.020035397
0,0.010496614,0.877707243
0,0.018429577,0.399965608
0,0.007238429,0.186831301
0,0.0021777,-0.487968508
0,-0.007605389,0.644641443
0,-0.003941318,-0.468095867
0,0.009562541,1.547602679
0,0.001088732,-0.735100514
0,-0.001413812,-0.548854479
0,0.003920714,1.56232431
0,0.01019744,0.306182984
0,-0.01847079,0.953362822
0,-0.015864333,-0.669068135
0,0.001445247,-0.293964626
0,-0.00366341,-0.524727623
0,0.005905292,1.24292192
0,0.006202924,0.103429911
0,0.000990753,0.102556948
0,-0.002639393,-0.719841698
0,0.004190098,0.645335261
0,-0.004502031,-0.238583647
0,-0.001875138,1.658471582
0,-0.00408885,-0.832528457
0,0.001331558,2.546176958
0,-0.003989362,-0.518277579
0,-0.007120605,2.709411399
0,-0.001904975,-0.752218118
0,-0.006624004,1.187578263
0,-0.015144665,0.089172265
0,-0.014115217,1.510264732
0,0.001164009,-0.51304059
0,0.002325311,-0.709266349
0,0.007539729,1.960675182
0,0.002417684,-0.34481305
0,0.002641553,0.78792682
0,0.006414662,-0.651787889
0,0.005463237,2.486899363
0,-0.001584786,-0.760359124
0,0.002380952,0.472690619
0,-0.011537156,2.421470617
0,-0.006751345,-0.781100234
0,-0.006451613,0.47833276
0,-0.006609462,-0.036442034
0,0.002101086,0.084964919
0,-0.005591147,-0.443069569
0,-0.005973996,0.74245367
0,0.001531935,-0.57414379
0,-0.002117896,1.078210034
0,-0.000707464,-0.311341773
0,0.005073746,2.776233597
0,0.001173985,-0.233011542
0,0.000938086,2.285254434
0,-0.004334583,-0.839549264
0,0.001176609,2.398224362
0,0.000235045,-0.611770743
0,-0.001997415,-0.187873356
0,0.001648222,1.009654151
0,-0.001880583,-0.667200203
0,0.000471032,1.045100411
0,0.005532015,0.93617871
0,0.007842678,-0.1168187
0,-0.006039489,-0.231132225
0,0.003739191,1.319899991
0,-0.00104773,-0.666887699
0,0.015149749,2.058929315
0,0.009183791,-0.373855252
0,0.009441474,0.230403548
0,-0.00090151,-0.016242166
0,0.001804647,0.014835053
0,-0.012947534,-0.007285681
0,-0.000456256,-0.134905531
0,-0.001369394,-0.688838603
0,-0.00171409,1.329753425
0,-0.002289377,-0.736256106
0,-0.002065168,7.290306112
0,-0.00436882,-0.415431208
0,-0.026789838,1.215273333
0,0.007475083,0.802033449
0,0.002473207,-0.420491775
0,0.012100564,-0.637041439
0,-0.004526988,-0.805371344
0,-0.005597015,6.190631113
0,-0.006449343,-0.649701886
0,0.009795822,0.545090376
0,0.005610098,0.905597106
0,0.006276151,1.710455311
0,-0.001732502,-0.81933117
0,0.012842763,1.61501704
0,-0.002513137,-0.777229111
0,-0.037677508,10.44806633
0,-0.021896942,-0.582126528
0,-0.004380095,-0.093740324
0,-0.021630209,0.964009186
0,-0.021234074,-0.022127766
0,-0.006380807,-0.492699673
0,0.004752119,-0.168854306
0,0.00281222,0.219634426
0,0.011217336,0.703611734
0,0.018152023,-0.300444265
0,-0.00222855,-0.346655804
0,0.001613103,1.253455706
0,0.011397423,-0.02250702
0,0.002082313,-0.606588455
0,-0.00550055,-0.365294326
0,-0.017822026,1.02356435
0,-0.018145414,1.085337304
0,0.002039256,-0.516450725
0,0.015644874,-0.264494104
0,-0.006637445,-0.207341416
0,-0.004790721,-0.054364864
0,-0.000506714,-0.367049817
0,0.00278834,-0.185022817
0,-0.000631951,0.350089951
0,0.002149994,0.1667032
0,-0.00340737,-0.369419594
0,-0.000379891,-0.418693023
0,0.001140106,0.129777176
0,0.005187903,0.116697505
0,0.010322256,5.362808631
0,0.01819088,-0.413940612
0,0.002447381,0.035349138
0,-0.007446289,-0.736360489
0,-0.005288402,0.597440315
0,0.007542038,0.586441258
0,0.005767579,-0.734900278
0,0.004636408,0.164409299
0,-0.000607238,1.242733263
0,0.002794993,1.104427771
0,-0.004241396,0.876470452
0,0.006815139,-0.589611526
0,0.003142754,0.2240245
0,-0.015062056,0.332157631
0,-0.009542452,-0.537682297
0,-0.004199605,1.148830652
0,-0.000868271,-0.171542955
0,0.000993172,-0.387714077
0,0.000992187,-0.535066853
0,0.007310123,3.659007821
0,0.006765068,-0.632970015
0,0.006597434,0.048940253
0,-0.002184731,-0.599506135
0,-0.003040993,1.288228222
0,-0.007964161,0.29337217
0,-0.014383676,0.466029042
0,-0.004242321,-0.628975089
0,0.002556237,-0.502621891
0,0.00526942,0.31528961
0,0.001859993,0.151297493
0,-0.020421941,0.108147905
0,-0.019297037,0.577230296
0,-0.001229796,0.051715844
0,-0.013544415,0.258376757
0,-0.009985735,0.251004716
0,0.004863112,-0.412045033
0,0.004122603,0.328775238
0,0.007318815,-0.708671777
0,-0.000177211,0.817488706
0,-0.003013116,-0.237240713
0,-0.008355556,-0.306816082
0,0.000358551,0.196911752
0,0.012724014,1.53293111
0,-0.001238719,-0.458970272
0,-0.004429483,-0.070205182
0,-0.001957644,0.239552844
0,-0.012303852,0.611827777
0,-0.000541614,-0.578218116
0,-0.01390896,0.047507475
0,-0.020699762,3.460880793
0,-0.020950243,-0.333635859
0,0.003821169,-0.261425472
0,0.000190331,-0.520648017
0,0.008753568,-0.525333628
0,0.006036597,-0.474878191
0,0.011813238,4.050820222
0,0.002965159,-0.38420824
0,0.003141168,-0.331091102
0,-0.00552588,0.494785483
0,0.002593073,-0.305834371
0,-0.001293183,0.237262933
0,-0.014798372,1.106849693
0,-0.016522719,-0.052728603
0,0.001909126,0.288542769
0,0.004001524,-0.548532216
0,0.005503891,0.564994963
0,-0.001132503,-0.452874191
0,-0.008125472,0.379853682
0,-0.00381025,2.217309495
0,0.002677376,-0.73504105
0,-0.005149723,0.49604507
0,-0.008627301,0.298638442
0,-0.005221427,-0.499046059
0,-0.005637636,3.426445629
0,-0.00058651,-0.46805718
0,0.000195618,-0.740605369
0,-0.006454137,3.256548189
0,-0.011811024,-0.707724523
0,-0.007768924,-0.146929818
0,-0.003011443,0.151433413
0,-0.011276681,0.790011364
0,-0.007942974,0.135382194
0,0.007801273,-0.372198255
0,0.00244449,0.824594358
0,-0.017069701,1.518921432
0,0.005581972,-0.101659201
0,0.013980263,-0.133533511
0,0.02108678,-0.268593796
0,0.003375695,-0.453733705
0,0.007124481,-0.207023199
0,-0.003340538,0.303986496
0,-0.001380126,-0.13211764
0,-0.005923001,0.891329604
0,-0.009533267,-0.139725663
0,-0.002205735,-0.474079924
0,0.004220257,-0.432758473
0,0.006003602,-0.376692828
0,0.007161329,2.023582306
0,-0.001382579,-0.537294089
0,-0.006724684,1.26764299
0,-0.00517722,0.424280759
0,-0.006405124,-0.371316497
0,-0.014705882,0.80100234
0,-0.018605602,-0.352959426
1,-0.015208333,0.606648245
0,0.017770256,0.632041989
1,-0.026813552,-0.015403553
1,0.001281504,0.234828476
1,0.042662116,0.339560321
0,0.029664484,0.171299325
0,0.004768528,-0.455784763
0,0.002175203,0.702093112
0,-0.007498027,-0.852185126
0,-0.003180915,14.8111155
0,-0.009373753,-0.797773608
1,-0.012079726,1.776673152
1,-0.012838802,-0.149002995
1,-0.001032205,-0.433411558
1,0.010952676,0.63671116
1,0.030866721,0.250518564
1,0.030140789,-0.016832019
1,0.001732435,-0.450699475
1,-0.001345119,-0.300875237
1,0.012892053,-0.408472461
1,0.009118541,0.12601377
1,0.005271084,-0.30387563
1,-0.006741573,0.282704407
1,-0.012066365,-0.525063639
1,0.023282443,0.896510201
1,0.014919806,-0.348044602
1,0.001102536,1.705120132
0,0.014867841,0.381793247
1,-0.011213601,-0.019627824
1,-0.018108652,0.19725235
1,0.011177347,-0.073690352
1,0.006448047,0.087342307
1,0.003111843,-0.609148364
1,-0.000729927,0.553457503
1,-0.009495982,-0.461184493
1,0.006084071,-0.19185303
1,0.009529045,1.303576481
1,0.006716282,-0.511284906
1,0.023440317,2.578079332
0,0.05584919,2.34927417
0,0.008009344,-0.01449557
0,-0.026320146,-0.810003962
0,-0.006970418,-0.421860974
0,-0.003252868,-0.43323569
0,0.000858811,-0.229991149
0,0.002917453,0.047409373
0,0.011122519,0.476303257
0,0.024200372,1.484346923
0,0.017680106,2.721264302
0,0.022568599,-0.484386319
0,0.008574151,-0.069285615
0,-0.009130982,0.193211249
0,-0.044804576,-0.061080198
0,-0.030272788,-0.417057546
0,0.040651801,2.994677965
0,-0.00593374,-0.774822679
0,-0.051732714,0.87762677
1,-0.028676342,0.148300819
1,0.007920792,-0.430724535
1,0.010537596,-0.000599602
1,-0.002474373,0.234742089
0,0.024273565,0.215632514
1,-0.008822003,0.660710742
1,0.017277487,-0.710594693
1,0.00343112,-0.092538003
1,-0.004445204,-0.628065547
1,0.00309119,-0.283438026
1,0.025851738,7.925774345
0,0.014018692,-0.063310525
1,-0.019091508,-0.619213465
1,-0.006208054,-0.68994255
1,0.009117002,3.217352883
1,0.022419274,-0.149516638
0,0.010145639,-0.378823098
0,-0.000161996,-0.118056183
1,-0.011827609,2.972550629
0,0.011969175,-0.011460553
0,0.013609851,-0.476433257
0,-0.010390026,-0.282732104
0,0.011306736,0.677615756
0,0.010701166,-0.194522542
0,-0.000316056,0.707121128
0,-0.015017389,0.012668209
1,-0.016048788,-0.070996587
0,0.023160985,-0.41823161
0,0.005579468,0.215096284
0,0.009353202,0.800272952
0,0.02921313,1.275024157
0,0.031283382,0.039959051
0,-0.006806748,-0.140346107
0,-0.028009535,-0.219358371
0,0.010729614,-0.419479337
0,0.005611162,-0.678559921
0,-0.016287136,1.310617265
0,-0.021002606,2.081624993
0,0.003131851,-0.763395021
0,-0.002185451,0.040373691
0,0.020650814,0.629796827
0,-0.001379522,-0.516828343
0,-0.02609363,1.074298873
0,-0.020488574,-0.415033772
0,-0.020112631,0.7455905
0,-0.001313629,0.482420004
0,0.019730352,-0.349021526
0,0.003063528,-0.567718855
1,-0.002893425,-0.36484768
1,0.000806062,0.886570936
1,0.00064433,0.233931934
1,0.003219575,2.100939635
1,0.022785623,0.025825459
1,-0.019767807,-0.462499125
1,0.025288092,-0.206760793
1,0.023415548,0.816693906
0,0.014490543,2.224164511
0,-0.01262968,-0.684845465
1,-0.005634232,-0.347904609
1,-0.011179173,-0.041786936
1,0.00216819,-0.521060005
1,0.004172462,-0.210652831
1,0.001231148,0.472259264
1,0.003074085,-0.422420516
1,-0.011186025,0.034741186
1,-0.003874167,0.528283434
1,-0.000311139,-0.511205491
1,0.010270775,0.319408473
1,-0.006315465,0.849583887
1,0.003255309,-0.540426406
1,0.012669963,1.735132882
1,0.017088801,3.382912154
1,0.02610261,-0.290070265
1,0.085964912,5.680170884
1,0.04644588,-0.144754803
0,0.173292165,2.659908253
0,0.051864035,0.226178094
0,-0.107161472,-0.640643057
0,-0.063397548,-0.230075437
0,0.010346547,0.110628978
0,0.010363973,-0.428701851
0,-0.009036512,-0.213783522
0,-0.019346888,-0.127192738
0,-0.005906007,-0.702634184
0,0.060169384,4.577421076
0,0.013354,-0.495022813
0,-0.047652665,-0.388812085
0,0.004324191,-0.367264988
0,0.037643007,0.949059739
0,-0.009839953,0.160501572
0,-0.035680077,-0.1013955
0,-0.002731562,-0.490274224
0,0.018675299,0.927858135
0,-0.000488878,0.033896332
0,-0.014673514,-0.089089902
0,-0.010548523,-0.313698801
0,-0.010033864,-0.174647265
0,-0.023185101,4.284918275
0,0.00998703,-0.710778189
0,-0.029407988,0.292959851
0,-0.014818735,-0.402173045
0,-0.021353747,0.536517473
0,-0.009194456,-0.372136412
0,0.020498615,0.23772231
0,-0.001764387,0.316546189
0,-0.012508498,-0.808417886
0,0.00165221,3.569288355
0,-0.005773196,-0.714155754
0,0.00608323,-0.321096612
0,0.008932252,1.803751468
0,0.006673931,-0.595938632
0,-0.011771073,-0.275435851
0,0.001916758,1.188018683
0,0.019267559,0.126613215
0,-0.006435179,-0.53407673
0,-0.012009176,0.693752263
0,0.007784758,-0.24266627
0,-0.020327958,0.849958703
0,-0.02489971,0.124546134
1,-0.008511846,1.939304399
1,-0.00500787,-0.852829316
0,0.005608283,1.476062014
0,0.001001001,-0.6530937
0,0.017428571,1.536405291
0,0.01249649,0.288178834
0,-0.005408404,-0.335355174
0,0.020914668,0.645085462
0,0.001229172,-0.462505715
0,-0.000409221,-0.53277113
0,-0.007368996,0.580835998
0,-0.014434974,0.33334277
0,-0.005021621,-0.67830669
0,0.000700967,0.158139912
0,0.010787335,1.915699979
0,0.023700624,1.952844006
0,-0.000541565,-0.921563904
0,0.001354646,0.087283551
0,0.017992424,3.209827789
0,0.013023256,-0.12052549
0,0.008920373,0.197575354
0,-0.011181901,-0.107448317
0,-0.014201183,-0.239098041
0,0.007069494,0.145836998
0,0.007284768,-0.669181537
0,-0.001972387,1.505906776
0,-0.016864295,0.572420676
0,-0.004154382,0.228560908
0,0.00390257,-0.555328857
0,0.013002681,0.266575162
0,0.003308191,1.735939561
0,-0.020311264,-0.415259561
0,-0.008346796,-0.265424364
0,-0.005701873,0.111015618
0,-0.010922993,-0.682731407
0,0.000276091,-0.231482556
0,0.008970466,0.875290271
0,-0.006428669,-0.277774593
0,-0.018034141,0.132382152
0,-0.018365344,0.369201815
0,0.001713796,0.279111252
0,0.0071286,-0.457921384
0,0.008352208,0.238861129
0,0.005756002,0.057590982
0,0.00879397,0.604049158
0,-0.01051612,-0.258038344
0,-0.008390435,0.183126812
0,-0.002256381,1.330604809
0,0.011731449,-0.725471906
0,0.001536742,1.346069871
0,0.001534384,-0.648380457
0,-0.000139276,-0.308704253
0,-0.003482379,0.501615184
0,-0.000139782,-0.551647994
0,0.01509856,1.459594395
0,0.021346922,2.502809271
0,-0.01092233,1.05769284
0,-0.012815269,-0.641292906
0,-0.000828615,-0.421756224
0,0.007325501,-0.285866847
0,0.011251372,0.520890206
0,0.006648575,-0.290492146
0,-0.000404367,-0.470034353
0,-0.010113269,0.241172193
0,-0.006538619,-0.201513151
0,0.002879473,1.595045072
0,0.00970741,-0.648044751
0,0.004062288,-0.123556867
0,-0.000674309,0.40177326
0,0.002834008,0.734620115
0,-0.001749428,2.873943799
0,-0.023186843,-0.297978274
0,-0.024565277,-0.231303321
0,-0.00311262,-0.227545267
0,-0.002980414,-0.100796015
0,-0.001565836,-0.703178241
0,-0.002566296,3.872715951
0,0.011863922,-0.564246974
0,-0.006074304,-0.139459144
0,0.001989767,-0.484620489
0,-0.004822695,2.114503614
0,0.003563284,-0.733525607
0,0.00241443,-0.045971026
0,0.01331822,0.311314872
0,0.014821029,2.669492657
0,0.006200055,-0.663521815
0,-0.00041079,-0.409949262
0,0.003150685,-0.218879628
0,0.024033866,9.40218394
0,0.005334045,0.615868409
0,-0.003050802,-0.759669489
0,0.006519425,0.045629584
0,-0.005551884,1.65185847
0,-0.016748638,-0.656707087
0,-0.009868866,0.056691153
0,0.008328782,0.266949442
0,0.009884902,0.294825626
0,-0.005363368,-0.361507086
0,-0.008358048,-0.599725063
0,-0.004078303,-0.465169311
0,-0.000546001,1.463805297
0,0.006419011,0.507356528
0,0.005428145,-0.121638822
0,-0.000404913,1.510830686
0,-0.001620308,-0.291810628
0,-0.003922099,-0.734749767
0,0.00203666,2.709423338
0,0.001626016,0.305355916
0,0.00094697,-0.694434912
0,0.003513988,0.930674581
0,0.007138047,-0.299013637
0,0.002407061,-0.322334719
0,0.000533618,-0.29618861
0,0.002,0.606236951
0,-0.001729874,0.756800138
0,-0.007731272,0.235482544
0,-0.005910801,-0.268557026
0,-0.008513514,0.821144489
0,-0.006814774,0.48224519
0,-0.000411692,-0.221706944
0,-0.00247117,-0.522525667
0,0.01073493,0.534805228
0,0.01416122,-0.007312808
0,-0.001208378,0.170590517
0,-0.006586907,-0.484465722
0,0.00202977,1.133685732
0,0.010128292,0.578621012
0,-0.005347594,-0.890464242
0,-0.009946237,2.329644752
0,-0.005973391,0.207109148
0,-0.003277793,0.532728355
0,-0.02247191,1.257662084
0,-0.009251472,-0.688345153
0,-0.007923033,-0.237923284
0,0.000142613,1.007476772
0,-0.004848139,-0.393818543
0,0.001862731,-0.463737895
0,0.003718535,1.141358995
0,0.002137361,-0.473557895
0,-0.010948386,0.372118296
0,-0.007044278,-0.000742276
0,-0.004632981,0.493060758
0,0.002763636,-0.545312963
0,0.010588918,0.468286525
0,0.002583608,-0.016366492
0,-0.003579098,0.069507778
0,-0.006609195,0.246615796
0,0.005785363,-0.292454432
0,0.012223181,0.205814582
0,0.005966757,-0.456153692
0,-0.003106906,0.941434111
0,0.000141663,-0.536549556
0,0.002832861,-0.01373223
0,0.002824859,0.955797415
0,-0.003380282,-0.553214539
0,0.009468626,2.693129811
0,0.002379952,-0.707008199
0,-0.016061453,-0.164631882
0,-0.005961675,-0.101391768
0,0.004997858,1.109299962
0,-0.004262575,-0.167559384
0,-0.004423516,0.307559222
0,0.005016483,-0.190522695
0,0.01340559,0.814718496
0,0.011258092,1.229354719
0,0.011828556,0.637258069
0,0.014578462,1.336561459
0,0.005964484,-0.732035992
0,-0.000943269,1.179538139
0,-0.016859995,-0.502257275
0,-0.003841405,-0.860501847
0,-0.000413166,3.833988334
0,-0.015982364,-0.277322173
0,-0.012461495,0.261917068
0,0.000141784,-0.274542376
0,0.006662886,0.089004169
0,0.022532038,-0.057940684
0,0.021484644,1.384899137
0,0.001887556,-0.101381605
0,-0.007805141,-0.641877092
0,-0.0054252,-0.143613522
0,0.000954589,-0.61638535
0,0.008583106,2.237704355
0,-0.005268135,-0.303768473
0,-0.001493753,0.143204935
0,0.000679995,-0.262940797
0,0.006115792,0.0880379
0,0.007969742,0.28773399
0,0.031358885,10.50654413
0,0.005847193,-0.593104068
0,-0.002583646,-0.081097874
0,0.00168372,-0.430191516
0,-0.001292992,-0.125725679
0,-0.012299327,-0.429732891
0,-0.004718836,-0.295305588
0,-0.011853023,1.364814233
0,-0.005731041,-0.60380603
0,0.00308311,0.092003686
0,0.009755446,1.208649423
0,-0.003705664,0.746137296
0,-0.01434644,1.254838496
0,-0.00902965,-0.692550222
0,-0.005847953,0.160188668
0,0.003146375,-0.322961731
0,0.008727669,-0.20325909
0,0.006218737,-0.56836479
0,0.02001881,2.328759469
0,0.002107482,-0.303322551
0,-0.010778128,0.156600379
0,-0.004251927,-0.535031848
0,0.002001601,0.3160165
0,0.003728859,0.941023483
0,0.006103224,-0.059124298
0,0.052749571,4.440228156
0,-0.005762245,-0.036115751
0,-0.023686531,-0.673892312
0,0.011098206,-0.27122811
0,0.001276324,-0.628951709
0,-0.004079031,0.223091673
0,-0.004479713,0.004813032
0,-0.000899974,2.18291628
0,0.013383091,0.668319422
0,0,-0.311841392
0,-0.022095238,0.169729372
0,0.000519413,-0.732362832
0,0.004282933,-0.26227762
0,0.000904627,-0.428647588
0,-0.00813428,0.292521133
0,-0.005727675,3.715350918
0,-0.003142184,-0.772439819
0,-0.009193591,1.382296592
0,0.002386002,-0.656576593
0,0.006347527,-0.213751803
0,-0.03022339,6.46908439
0,-0.001490515,-0.672535727
0,0.01085629,-0.517407629
0,0.009665727,0.832143549
0,0.009041351,1.006202045
0,0.016998287,0.085452853
0,0.010754081,-0.414556125
0,0.00294834,-0.241882354
0,-0.001789366,0.799821705
0,-0.006145967,-0.419691947
0,-0.006699304,-0.010461372
0,0.004150454,-0.266147584
0,-0.012787393,0.405098695
0,-0.013345545,-0.263243602
0,-0.007691288,-0.443701647
0,0.00534545,-0.064778185
0,0.003588994,1.540513678
0,0.015364238,-0.208668129
0,0.017349335,0.485843772
0,0.000769329,1.347338317
0,0.001665599,-0.804113354
1,0.001534919,1.383174084
0,0.019284802,1.123884136
0,0.003257737,-0.426810401
0,-0.010615711,0.064600153
1,-0.009467306,0.055860909
1,-0.004332866,-0.064661944
1,0.005503648,-0.134823755
1,-0.014511202,1.058532466
1,-0.00555412,0.775024471
1,0.011559943,-0.759595501
1,0.004237288,0.544997079
1,0.009845288,0.447777601
1,0.006837174,-0.529818547
1,-0.001886318,0.810203642
1,0.004913695,0.712439661
1,-0.006268806,-0.257982186
1,-0.002397174,-0.087169694
1,0.025799924,2.736024857
1,0.000123289,-0.312535619
1,-0.007273176,-0.535648114
0,0.025332174,0.722960648
0,0.002785515,-0.219041003
1,-0.020048309,0.918334769
0,0.017500616,-0.323439681
0,0.054626938,0.123460694
0,-0.017916619,0.207690096
0,-0.044556192,-0.691961119
0,0.00624235,-0.695060543
1,-0.032112882,1.802860563
1,0.005655398,-0.087233257
1,0.012246938,-0.192317623
1,0.005679012,0.507046447
1,0.022833292,0.03900184
0,0.083173308,6.303065576
0,0.012077562,-0.480205927
0,-0.014998905,0.490658119
0,-0.028676225,-0.407901732
0,-0.019224168,-0.722232255
0,-0.001166725,0.154544909
0,0.032589651,0.768745429
0,0.019343891,1.483023797
0,0.008878038,-0.649872055
0,-0.002199978,1.320069472
0,-0.035387499,-0.500693326
0,-0.028228571,-0.034524449
0,-0.002587322,-0.266310285
0,0.030420941,0.113924335
0,0.017965442,-0.329151188
0,0.012252698,-0.418974105
0,0.012992782,-0.131914244
0,0.001644376,1.327984201
0,-0.008098938,-0.36021954
0,0.027253669,0.934871961
0,-0.006659506,0.342302
0,-0.019031142,-0.381824635
0,0.007164903,0.514283187
0,-0.010944511,-0.203204415
0,-0.002213124,-0.204141115
0,0.005323278,0.229751868
0,-0.002647546,-0.023015054
0,-0.023669948,0.711283357
0,-0.015293984,-0.466115381
0,-0.017947538,0.122827137
0,-0.021907216,0.47228936
0,0.011737933,-0.26209925
0,0.032319167,0.596339354
0,-0.012729358,-0.421467176
0,-0.059124172,0.558455169
0,-0.036296296,-0.519331871
0,-0.016653856,-0.325932293
0,0.011203752,-0.656667268
0,-0.028343211,6.008312283
1,-0.075178998,1.508385228
0,0.020501792,-0.461165116
0,0.046361337,-0.74641435
0,0.010606874,1.615767813
0,0.007174173,-0.756979731
0,-0.006991162,0.3309556
0,-0.034272051,0.062952385
0,-0.003301238,0.228390262
0,-0.015318797,-0.008252677
1,-0.028030834,0.871535303
0,0.040951694,-0.190335614
0,0.00290899,-0.332590278
0,0.021823204,0.221087969
0,0.018113004,-0.246403868
0,-0.000265534,-0.571058608
0,0.008366534,-0.553375594
0,0.013696826,1.77707249
0,0.010133818,0.103231965
0,-0.020064309,0.744545932
0,-0.012075075,-0.767539108
0,0.007838448,-0.501821788
0,0.012391247,4.170406795
0,0.005598958,-0.756738877
0,-0.012300919,1.075584932
0,-0.029496592,0.859509859
0,-0.009860867,-0.473494949
0,0.004911323,-0.280097078
0,0.000814553,-0.070011525
0,-0.004612046,10.84967958
0,-0.008312892,-0.768388306
0,-0.015116119,0.815654903
1,-0.020371146,0.432646742
1,0.001424299,-0.272213142
1,0.012800455,-0.228143018
1,0.001966016,-0.376863103
1,0.002522775,-0.554038184
1,0.009366699,1.103203758
1,0.008448753,0.445847819
1,-0.001648125,-0.552781283
0,0.014995185,1.844234423
0,0.015044728,-0.219367577
0,0.065562825,7.478271239
0,0.010776942,-0.270591827
0,-0.039424746,-0.626614612
0,-0.00464636,-0.388756852
0,-0.011151452,0.94198903
0,-0.020587464,-0.437449136
0,0.003614942,-0.644878107
0,-0.008671291,-0.040444188
0,-0.007670569,0.15574858
0,0.01600217,0.024562389
0,0.021222637,-0.483470961
0,0.010325448,1.181037043
0,0.008150065,1.967860117
0,0.002309765,-0.014421282
0,0.002048393,0.121715728
0,0.009837741,0.10886897
0,-0.003795547,-0.121741963
0,-0.004191008,0.010171684
0,-0.001020278,-0.632436823
0,-0.008808885,0.076085136
0,-0.005280783,-0.512945971
0,0.004920368,1.154311676
0,-0.007473264,0.075440873
0,-0.011164481,0.428847961
0,0.001969279,-0.166363939
0,-0.0014413,0.545862396
0,0.004461357,-0.639823743
0,0.005355976,0.025878573
0,0.008186071,-0.734259145
0,0.00399536,2.088981168
0,0.010911425,0.545139534
0,0.013079365,1.08093746
0,0.000250689,-0.690203003
0,-0.004887218,-0.010067916
0,-0.005792721,-0.384726967
0,-0.006459785,1.56252965
0,0.00981642,-0.004166848
0,-0.002019947,-0.098237627
0,-0.012144213,0.89022034
0,-0.01267768,0.445493736
0,0.001426719,-0.70788953
0,0.00168372,0.554596765
0,-0.006077062,-0.698930178
0,0.011447899,3.272418214
0,0.014790997,-0.198492279
0,-0.004942966,-0.360005237
0,0.000764234,-0.493565614
0,0.010309278,10.83596659
0,0.003149408,-0.706782601
0,-0.000376742,-0.226270935
0,0.008040201,0.219545334
0,-0.006480558,-0.225263804
0,-0.008153537,-0.334205719
0,-0.002655875,-0.417621505
0,0.005452701,1.694098481
0,-0.013368647,1.023258348
0,-0.01137671,-0.725351383
0,0.006982157,-0.068497113
0,0.003980483,-0.433569112
0,0.004092595,1.353425114
0,-0.006113871,0.460193902
0,0.012687428,0.320308043
0,-0.006707163,2.121610598
0,0.003439929,-0.304798853
0,0.00825292,-0.669551877
0,0.002140788,0.21966686
0,-0.000628299,0.591458522
0,0.00590972,-0.739062029
0,0.0025,1.535583248
0,-0.003241895,-0.380520223
0,0.005003753,0.251147906
0,0.000622355,0.462611744
0,-0.006219679,-0.586820026
0,0.000250344,-0.184336715
0,-0.011262671,1.61428411
0,-0.009492469,0.573240193
0,0.003577818,-0.674849359
0,-0.001145913,0.334678715
0,0.016953474,0.93308976
0,0.01466533,0.53607843
0,-0.000988264,-0.600713288
0,0.003091381,0.226952708
0,-0.001849112,2.751440706
0,-0.039150303,0.114756136
0,-0.03933162,0.113314978
0,0.02167514,-0.634212943
0,0.01610791,0.228466928
0,-0.004768656,-0.190024712
0,0.001424501,1.589356855
0,-0.019138756,-0.766368617
0,0.009756098,-0.487460847
0,0.005875441,0.193378038
0,0.005321911,1.036058077
0,-0.008392511,1.150424719
0,-0.015104167,-0.709311958
0,0.003701745,0.38488665
0,0.010669125,-0.551917832
0,-0.001303271,0.842822569
0,-0.004958893,-0.709976502
0,-0.002885246,5.358777156
0,-0.000526108,-0.770369277
0,0.010264508,0.697870437
0,0.006122183,-0.735855171
0,0.009709995,4.146785883
0,0.010257725,-0.614679729
0,0.001142277,-0.507776829
0,0.004056795,11.24849011
0,-0.003787879,-0.663872033
0,-0.000633714,-0.539681964
0,0.003043754,0.305192103
0,-0.004046024,2.29929577
0,-0.003173797,-0.380174053
0,0.004839531,0.637290858
0,0.017110266,3.044595673
0,0.013707165,-0.273053704
0,-0.006023356,-0.799033794
0,-0.004204798,0.330733784
0,-0.00360159,-0.308348279
0,0.003365325,3.470563745
0,-0.008198758,-0.538200761
0,-0.016407816,-0.406901103
0,-0.003565516,-0.35403647
0,0.007539936,-0.175808437
0,-0.004693049,-0.145933396
0,-0.007901109,0.960437039
0,-0.000770713,-0.345569081
0,0.002699576,-0.768768965
0,0.008333333,1.269002883
0,-0.000762873,-0.357266678
0,0.006489375,0.900025417
0,0.007332491,-0.045212419
0,-0.005898594,0.766322461
0,-0.004418634,-0.295188557
0,0.00507228,0.33267097
0,0.008200858,0.539149907
0,0.001251408,1.340906871
0,0.000999875,-0.778729009
0,0.003995505,-0.209684531
0,-0.000994901,1.933460421
0,-0.004606,-0.07675003
0,-0.002251126,0.192853452
0,-0.002757583,-0.415513757
0,-0.002262443,0.242045972
0,-0.001511716,-0.281420473
0,-0.005172849,-0.096346866
0,-0.004311985,2.51876237
0,-0.011718252,-0.611982014
0,0.00051553,0.615315477
0,0.011851088,1.398284033
0,0,-0.790434042
0,-0.006238065,1.192474646
0,-0.00076864,-0.429549274
0,-0.000128205,-0.194730802
0,-0.010770612,3.212362113
0,-0.011406351,-0.097029176
0,0.008653468,-0.493012446
0,0.001819836,-0.124268703
0,-0.003114052,-0.372239589
0,-0.00156189,0.001696043
0,-0.00951636,2.578062461
0,0.003816794,-0.773540683
0,0.004457847,1.014354622
0,0.001827438,-0.670258337
0,-0.012117264,13.48427454
0,-0.027829069,-0.114582112
0,-0.017908018,-0.648637173
0,0.002348391,-0.240106594
0,0.00592613,0.124804291
0,-0.001507056,1.722858438
0,-0.006860593,-0.586281646
0,0.003177673,-0.051232425
0,0.007161548,-0.736306781
0,0.009161767,0.35397554
0,0.012059621,0.04925691
0,-0.00040166,-0.225248611
0,0.005893383,-0.265530566
0,0.00758988,-0.307982498
0,-0.001189375,1.163748479
0,-0.007806298,-0.480074569
0,0.002667022,5.531468856
0,-0.002393935,-0.731282608
0,0.005732569,0.067882719
0,0.0128579,0.575643738
0,0.000785238,0.619105198
0,-0.00013077,-0.77936432
0,-0.002092597,1.147216627
0,-0.001441678,-0.481161491
0,-0.001706261,2.114978233
0,0.004207205,0.010574221
0,0.002094789,-0.134442654
0,0.005748628,0.103510524
0,0.009872694,2.383787207
0,-0.006560329,-0.064751968
0,-0.005956235,-0.746821192
0,-0.006252442,-0.270330888
0,0.00104863,-0.655771711
0,-0.003666361,1.909201012
0,-0.004336969,0.141919001
0,0.000131996,-0.414997986
0,-0.00884255,3.388090319
0,-0.011051931,-0.255282064
0,-0.000673219,-0.150704218
0,-0.000808407,-0.846749002
0,-0.003101402,0.624635035
0,-0.003381577,1.932592831
0,0.006243214,-0.435953483
0,0.007823037,-0.104995366
0,-0.003803403,0.119693898
0,-0.029457262,1.002064348
0,-0.033742539,-0.334958603
0,-0.014810655,-0.267623215
0,-0.093334758,2.343067307
0,-0.052571608,-0.652828057
0,-0.021565131,-0.562940738
0,0.012885178,-0.220866
0,0.0123028,-0.274256179
0,-0.015460295,0.664855568
0,-0.038124029,0.815292083
0,-0.005019861,-0.587075471
1,-0.028472405,0.971831139
1,0.001941748,0.454533298
1,0.031503515,-0.62072738
0,0.010573688,0.805356142
0,0.007609495,-0.135182181
0,0.022570264,0.214512258
0,-0.003440896,-0.357506317
0,-0.00682134,0.32655749
0,0.011277399,-0.470636222
0,0.019955561,0.692497603
0,0.009946977,-0.124313919
0,0.011721135,-0.202856841
0,0.015004626,0.581743151
0,-0.001109702,-0.285996245
0,-0.00158705,0.128236401
0,-0.002424098,-0.369037665
0,0.008524878,-0.54682091
0,-0.003357428,1.276679782
0,-0.014267597,-0.56229428
0,-0.00213091,-0.024655928
0,0.002739836,0.0746774
0,-0.016795918,0.123975293
0,-0.023008705,0.755289711
0,-0.023048607,0.179995778
0,0.005223721,-0.510711378
0,0.001235252,0.057200369
0,-0.014889815,0.264412804
0,-0.025868026,2.954317504
0,-0.031032495,-0.107556658
0,-0.004483689,-0.337157157
0,0.010616297,-0.372638942
0,0.025238745,-0.058780502
0,0.002794411,-0.015349674
0,0.006192498,-0.426819679
0,0.004132231,0.280340077
0,-0.009412486,-0.158695218
0,-0.003800769,0.163693446
0,-0.038330154,4.189765593
0,-0.019606034,-0.442753793
0,-0.009552042,-0.014249684
0,-0.002327902,-0.441387193
0,0.017666667,0.328204136
0,0.015160732,-0.424490469
0,-0.010924176,-0.10880747
0,-0.002469941,-0.355702609
0,0.017052091,0.406949845
0,0.014561323,-0.550094091
0,0.012586589,0.669239965
0,0.009792086,-0.324448614
0,-0.010449876,0.587740116
0,0.007606945,-0.511028251
0,-0.002087219,0.565774214
0,-0.019847804,1.658574346
0,0.011759364,-0.552159062
0,0.010276432,0.824880607
0,0.006707236,-0.458565854
0,0.01213378,0.773866391
0,-0.000348751,0.18023382
0,-0.005930836,-0.605747491
0,-0.001272209,0.862566238
0,0.002108407,-0.472679503
0,-0.008547383,3.709438479
0,-0.00070737,-0.488499826
0,0.018758572,-0.338682499
0,-0.0004777,0.928304699
0,-0.002693778,0.000851108
0,-0.00331097,-0.524095665
0,0.001355014,-0.497751999
0,-0.000305557,1.083593794
0,-0.003493145,-0.112356864
0,0.013408115,-0.410343009
0,-0.011025597,1.54614724
0,-0.019455253,0.072213283
0,0.012796504,-0.110700743
0,0.010125468,0.960628047
0,0.00017433,-0.691359103
0,0.015381934,1.743741266
0,0.01690842,0.184703075
0,8.44E-05,-0.706114959
0,-0.012785889,1.755182336
0,-0.005214789,-0.533835024
0,-0.010742062,0.158108403
0,-0.015940581,-0.24794274
0,-0.018185028,0.698814507
0,-0.011328898,0.094364819
0,-0.005820298,0.199912153
0,0.012669228,-0.559816208
0,-0.016485254,1.529361942
0,-0.008403747,-0.253706606
0,0.002454499,-0.699892481
0,0.014921926,0.019259929
0,0.009877555,0.454125791
0,-0.006896241,-0.41054923
0,-0.014160577,1.13260136
0,-0.00257815,-0.209316221
0,0.010800831,-0.196378374
0,0.009772136,0.79499789
0,0.017591462,-0.216288272
0,-0.00453293,0.904874913
0,-0.001875,-0.478666539
0,0.00831917,0.177150937
0,0.012287083,0.307287357
0,-0.020901801,0.776119477
0,-0.02179556,0.338796391
0,-0.012993549,-0.031026018
0,-0.031010986,0.289413458
0,-0.036882893,0.498263916
0,0.006407391,-0.758930571
0,-0.005774356,-0.470733272
0,-0.008339538,0.830232532
0,-0.034039145,2.257445219
0,-0.063895942,0.56671454
0,0.016607617,-0.764909593
0,-0.007895883,0.027915055
0,-0.027498765,0.065909082
0,0.001580314,-0.228069737
0,-0.011213795,0.542832373
0,-0.005243061,-0.395714928
0,0.009281008,-0.223188537
0,0.020548334,0.304122223
0,0.02997942,-0.397183391
0,-0.008802246,-0.058428693
0,-0.019831109,1.298991191
0,0.016786171,-0.463899518
0,0.009621167,0.471981748
0,0.007850994,0.236334765
0,-0.001880305,-0.431568851
0,0.006835675,-0.059798037
0,0.011814391,-0.455519768
0,0.007449675,1.133214809
0,-0.006450598,-0.440506877
0,-0.007231459,0.026260503
0,0.013239047,-0.048214367
0,-0.015427402,1.18798595
0,-0.017534509,0.107475734
0,0.006726701,-0.18062927
0,0.014818407,-0.373124044
0,0.003185897,-0.079765869
0,0.005134177,-0.068124332
0,0.000105319,-0.200333302
0,-0.015796125,0.554770924
0,-0.001016478,-0.358147996
0,-0.00460558,-0.145745121
0,-0.025555496,0.753550644
0,-0.029207155,1.71712986
0,0.003810499,-0.547702924
0,0.007592068,-0.338784765
0,-0.004554656,0.830866679
0,0.007117438,-0.178866392
0,0.006057547,-0.530832212
0,-0.00652283,-0.039081782
0,0.007912458,-0.033415103
0,0.002227047,-0.381324909
0,0.001333259,0.600801053
0,0.002718447,-0.077529218
0,-0.007413965,0.182943421
0,-0.018283166,-0.000136445
0,-0.00323643,0.238059809
0,0.005012817,-0.493198348
0,0.006688205,0.016481563
0,-0.009233714,0.997297404
0,-0.003636984,-0.437375863
0,0.00752866,-0.132783654
0,-0.006340221,-0.029664783
0,-0.003418219,-0.057015548
0,0.009318013,0.480575819
0,0.003681468,0.045180405
0,0.00496586,-0.272135241
0,0.004941322,-0.499873852
0,0.013912946,3.242250289
0,0.01074617,-0.331246464
0,0.006488196,1.478148907
0,0.006988082,-0.328501089
0,-0.002205605,-0.204580659
0,-0.006954928,-0.33187459
0,-0.012975732,0.81766774
0,-0.009350935,0.137704315
0,-0.02193226,0.387820183
1,-0.031450468,1.868267555
1,0.002930661,-0.743762806
1,0.020571562,-0.455392665
1,0.027085839,0.942898933
0,0.027319358,1.283638037
0,0.011288397,-0.54926279
0,0.003380917,2.128311105
0,0.004064823,-0.631647637
0,0.002343792,-0.669547633
0,0.038050699,12.98090991
0,-0.019556648,-0.818529716
0,-0.003132996,-0.413979047
0,-0.014038028,7.861425451
0,0.025394464,-0.6434913
0,0.012227346,-0.578420528
0,0.004913753,0.855493042
0,0.00285234,0.014415703
0,-0.002996597,-0.339730033
0,-0.00397351,-0.165551521
0,0.00424509,1.233135226
0,0.004227145,-0.26567984
0,0.006592961,-0.260595653
0,-0.001662636,0.029351501
0,-0.007519556,-0.190802944
1,-0.007983321,0.302968465
0,0.008560152,1.793631255
0,0.00137223,-0.370455839
1,0.002131655,-0.045068012
1,0.00486199,0.339023355
1,0.014918603,-0.6363194
1,-0.000744897,0.245027635
0,0.002783024,-0.082368638
0,0.007186044,0.460258209
0,0.011907691,-0.30384811
0,0.002917578,-0.253645023
0,-0.00150303,0.008945582
0,-0.000776925,-0.135859407
0,0.006268831,-0.139004439
0,0.008885884,0.242386166
0,-0.000287205,0.743859205
0,-0.01067752,0.363747433
0,-0.006436937,0.566662088
0,0.016708072,-0.440663748
0,0.003353775,0.565243241
0,-0.00974119,-0.283543873
0,0.01248915,-0.062423724
0,-0.001333524,-0.353088554
0,0.021221804,2.324750994
0,0.009666573,-0.120761477
0,-0.006752694,-0.510653964
0,0.00363213,0.088255106
0,0.019811627,2.28499585
0,0.008052775,-0.015549982
0,-0.009116758,-0.497467387
0,-0.030107037,0.14876614
0,-0.009392317,-0.431404271
0,-0.00782213,0.590105201
0,-0.021262363,0.67832876
0,-0.000146456,-0.645024462
0,0.00332015,-0.20544127
0,-0.009635505,-0.175050379
0,0.004471525,0.035147564
0,0.020790529,0.116779967
0,0.009392821,-0.225998239
0,0.002753644,0.313771032
0,-0.000852232,-0.096252812
0,-0.015211107,0.733277559
0,-0.000769897,-0.464218927
0,0.00717519,-0.074919826
0,0.003251255,0.470316761
0,0.004956393,-0.182212668
0,-0.009958742,2.021378315
0,-0.007807635,-0.648238882
0,0.000434489,-0.183249944
0,-0.000144767,0.25994246
0,0.001496139,-0.26138065
0,-0.007806853,0.105959561
0,0.008645393,0.472368709
0,-0.003515192,-0.055141118
0,-0.017348024,0.097161528
0,0.001180231,-0.524766625
0,0.015472273,-0.324460495
0,0.013591951,0.996070442
0,0.004485803,-0.062466829
0,0.006936196,0.160496834
0,0.009294645,-0.137023886
0,0.002571055,0.256300699
0,0.019210146,2.168246812
0,-0.008463333,-0.084965288
0,-0.022238627,-0.539848914
0,-0.004435636,-0.01975408
0,-0.011802067,0.033271769
1,-0.020576526,0.93626231
1,-0.006709109,-0.314458453
1,0.00685303,-0.333664128
1,-0.000440701,0.283671436
1,0.008768922,-0.62477233
0,0.01544289,2.137377931
0,0.013438546,-0.071416136
0,-0.0060403,0.002299023
0,-0.00617196,-0.297393159
0,0.01012755,-0.250606754
0,0.013478364,0.836351286
0,0.024731685,2.788663909
0,0.007786885,-0.689356401
0,0.011928968,-0.068787075
0,0.001294932,-0.308581459
0,-0.003523011,-0.003896303
0,0.009979861,0.960849407
0,-0.006114853,-0.614571137
0,-0.00891663,-0.068606042
0,0.01025641,0.716042799
0,0.000712441,-0.148138047
0,-0.002847735,0.283732024
0,-0.004283802,-0.500066832
0,0.000268889,0.451422383
0,0.000672043,0.064962354
0,0.008327737,-0.206670844
0,0.00976866,0.799192969
0,-0.006156282,-0.211366413
0,-0.006194416,-0.089847578
0,-0.0016473,0.006944699
0,0.001114877,-0.118412301
0,-0.003385451,1.121992982
0,0.005899969,-0.365568284
0,0.014885581,0.540623666
0,0.001401051,-0.574529137
0,-0.001705142,2.86038996
0,-0.006919809,-0.745947538
0,0.000132304,0.351217978
0,-0.001896111,-0.399227999
0,-0.005831677,0.322081668
0,-0.00959872,0.49517051
0,0.009916095,-0.266587896
0,0.008485872,-0.4281279
0,0.004229261,-0.089420137
0,-0.001710902,1.468600761
0,-0.002900334,0.875313761
0,-0.002644337,-0.613852559
0,0.002253646,-0.394151379
0,0.003483092,1.535627799
0,0.004745167,-0.397302377
0,0.005947175,0.515320763
0,0.00930273,0.994687017
0,-0.005728314,-0.704064102
0,0.002425818,-0.112107569
0,0.006957348,-0.017857617
0,-0.002102824,0.715225869
0,0.000473057,0.062994542
0,0.010703232,-0.087654807
0,-0.024241909,1.673024919
0,-0.019221549,-0.37656082
0,0.005288419,-0.004638013
0,0.005172185,-0.42371819
0,8.80E-05,-0.183231248
0,-0.004969217,-0.387093717
0,-0.003447209,-0.24786658
0,0.004257395,-0.193153741
0,-0.001324796,4.508998351
0,-0.003272164,-0.558969081
0,-0.001064726,-0.288356007
0,0.019762846,2.962240073
0,0.008579392,0.098485048
0,0.001295393,-0.239222388
0,0.012419682,0.171319583
0,-0.002385313,-0.22500193
0,0.000683148,-0.705349694
0,0.004608098,1.317528737
0,0.001868762,-0.085458976
0,-0.012421044,0.100750988
0,-0.009143201,-0.490900444
0,0.009574145,0.661230814
0,0.006565396,0.116123407
0,8.53E-05,-0.340393361
0,-0.001150944,1.02523095
0,0.004950495,0.436302864
0,0.007219297,0.369578057
0,0.005354583,-0.798376484
0,0.007213252,0.560273406
0,0.001790398,-0.052245339
0,-0.011803824,0.156935415
0,-0.001934724,-0.565213816
0,0.006447535,3.142471186
0,-0.005401331,-0.504374944
0,-0.023111897,4.732301037
0,-0.010989011,-0.654170063
0,0.003616558,-0.225637954
0,0.002040551,0.055318315
0,0.009358752,-0.024668497
0,0.00184581,0.35601718
0,0.003384892,0.311352585
0,-0.005722094,-0.190540989
0,-0.008503694,-0.5294604
0,0.002858876,0.707427577
0,0.001295784,0.45076974
0,-0.033172289,1.062248749
0,-0.026368625,-0.261252405
0,0.00068738,-0.378271612
0,-0.006365343,-0.000854496
0,0.004885243,-0.490295147
0,0.013116859,-0.069092105
0,0.006111363,-0.148096214
0,-0.00359955,0.247754871
0,-0.01011515,0.067780666
0,0.009306145,-0.476942527
0,0.014282486,0.664313195
0,0.001425961,0.425295219
0,-0.014150314,0.292698154
0,-0.016339427,0.954872382
0,-0.024136191,0.220997432
0,-0.022899328,0.032087313
0,-0.012463908,-0.118085699
1,0.009989767,-0.460088449
0,0.01254463,-0.162160548
0,0.00586105,-0.359182237
0,0.003079255,0.19270132
0,-0.003872674,-0.347042858
1,-0.012943296,1.008839797
1,-0.005427734,-0.241161333
1,-0.00130397,0.426797095
1,0.00933314,0.254549033
1,-0.003257953,-0.442460831
1,-0.002163046,0.147408661
1,-0.003998266,-0.425221171
1,-0.001064036,0.182459833
1,0.00300184,-0.086151106
1,0.013033404,0.223470917
0,0.019822739,0.249358517
0,0.006027474,-0.646311014
0,0.00139334,0.599070482
0,-0.001808821,0.041177924
0,-0.000975746,1.376447012
0,0.009115855,-0.036553227
0,0.002534913,0.8305085
0,0.005011033,-0.406829164
0,0.025845112,3.654625719
0,0.021359137,-0.392189585
0,0.003318053,-0.501329756
0,0.001479483,-0.160171711
0,-0.00595264,1.261956559
0,0.001136463,-0.797918222
0,0.001877401,1.409936907
0,0.000479365,-0.175380434
0,-0.009931179,0.38810376
0,-0.01267048,-0.204187397
0,0.007396845,0.260061008
0,0.012340764,-0.236382231
0,0.012321405,0.363207717
0,-0.006862618,-0.522161503
0,-0.015558453,0.285749054
0,-4.41E-05,-0.244839467
0,0.01271467,-0.279287621
0,0.0021361,-0.183501757
0,-0.000130503,0.287316516
0,0.005090276,0.027606115
0,0.008657259,1.282534822
0,0.005793494,0.916483681
0,0.003669412,-0.545536726
0,-0.002720741,1.014642304
0,-0.004433267,-0.174594145
0,-0.000685078,-0.326425365
1,-0.028664467,1.138262877
1,-0.016585796,-0.260973666
1,0.004754643,-0.36724484
1,0.006607143,-0.518699396
0,0.024037609,0.669999149
0,0.005889996,0.221465812
0,0.005898562,0.161700942
0,0.010743483,0.106121024
0,0.000211739,0.353381043
0,0.012489945,0.096581419
0,-0.014384879,-0.437539115
0,-0.009461179,-0.428332436
0,0.015933525,0.509403042
0,0.011341119,-0.253532312
0,-0.004710689,-0.046515296
0,0.002764398,-0.230830662
0,0.007434944,-0.13268714
0,0.021974377,2.724245101
0,0.021745304,0.105212811
0,-0.003573556,-0.521715856
0,-0.007890018,-0.043575311
0,-0.000240993,0.443906539
0,-0.006307501,-0.156852621
0,-0.013503679,-0.297059602
0,-0.019262295,1.289720124
0,-0.012870873,-0.285364476
0,0.00656168,-0.386920933
0,-0.011397569,-0.122906792
0,-0.019441845,0.362249554
0,0.001388347,-0.595536873
0,0.008188553,0.422569485
0,0.012548346,-0.143837703
0,0.006705713,0.384099982
0,0.009064081,-0.484619475
0,-0.002757468,0.585812915
0,-0.012023964,-0.274821585
0,-0.00292596,-0.480586485
0,-0.002764428,0.478964248
0,-0.000554418,-0.164978786
0,-0.006101984,-0.018658021
0,-0.004593852,0.491315944
0,-0.004226871,0.271969567
0,-0.002079092,0.117862273
0,0.004687703,-0.103301247
0,0.006005098,-0.123588385
0,-0.017478313,2.205417335
0,-0.007211854,-0.435056597
0,0.009333451,-0.156865313
0,0.01182064,-0.089563092
0,-0.000517308,-0.528414169
0,-0.003752426,0.25575991
0,0.00034635,0.298773825
0,0.004717389,0.187062007
0,-0.004350635,-0.191920354
0,0.006273254,0.743818641
0,0.004944323,-0.51463092
0,-0.001112347,-0.061311351
0,-0.016917937,0.224434642
0,-0.021130135,2.495566446
0,0.004272743,-0.627533334
0,0.008287538,-0.487178913
0,-0.007120566,0.394420953
0,-0.001903581,-0.472581975
0,-0.003592655,1.662611302
0,-0.007656354,-0.250630047
0,-0.001390571,-0.462290551
0,-0.021381727,3.472433577
0,-0.00266226,-0.180542764
0,0.014405376,-0.509118702
0,0.007939749,0.028311185
0,0.011163126,0.997526122
0,-0.00102386,-0.474783121
0,-0.002629116,-0.188075218
0,-0.008891073,-0.094045811
0,0.007888924,2.383029703
0,0.001207621,-0.501454528
0,-0.000580746,0.02213906
0,0.014750581,1.437006588
0,0.004625143,-0.663320901
0,0.00035077,-0.327424858
0,-0.001534078,0.716056663
0,0.00500439,0.85259164
0,0.015724644,0.116035597
0,-0.000215017,-0.405713298
0,-0.002623769,-0.590569125
0,-0.001811282,0.541866089
0,-0.007171866,0.041435841
0,-0.007180157,-0.236118167
0,-0.013017751,0.386874567
0,-0.012034817,0.901092085
0,0.00373084,-0.521057483
0,0.002060009,0.401716695
0,-0.01693779,1.457395608
0,-0.00304587,-0.458934516
0,0.005380757,-0.017547538
0,-0.013969521,-0.132001179
0,-0.010855566,0.611497883
0,-0.023251488,0.255144331
0,-0.031898686,1.186294108
0,0.008950526,-0.733604578
0,0.014915188,0.151787457
0,-0.009269042,-0.10641649
0,-0.012070386,0.12011843
1,-0.012757605,0.414784655
1,-0.003131213,-0.275811632
1,-0.011118313,-0.004655793
1,0.008722396,-0.027595114
1,0.005098216,-0.583144256
1,0.014620319,0.015629011
1,0.013086311,-0.054520119
1,-0.003144654,-0.037888614
1,0.005823829,1.524655918
0,0.011001206,-0.72886028
1,-0.010451964,0.739686454
1,-0.017603936,1.148880708
1,0.002307428,-0.237092909
1,0.012882053,-0.288514771
1,0.04884182,11.13894105
1,0.060952557,0.366741843
1,0.049106949,0.682440039
1,0.017066402,-0.51746121
1,0.058404268,0.996862711
0,0.043136953,0.249998103
0,-0.018739855,-0.437965753
1,-0.021090226,-0.511486493
1,0.005837398,0.142953121
1,0.017334199,0.110316601
1,0.021542503,0.064506549
1,0.000734781,-1.60E-05
1,0.030581152,1.127409454
1,-0.003491023,-0.538270371
1,0.016050618,-0.068551405
1,0.062097597,1.789767994
0,0.060553862,0.699873017
0,0.00883933,-0.576693548
0,-0.008142667,-0.041609595
1,-0.033181421,-0.354574626
0,0.026506958,0.959688006
0,0.078505378,1.31006039
0,-0.026742491,-0.542516206
0,-0.02801666,-0.00370317
0,-0.034434922,-0.009369709
0,-0.021582964,0.109747147
0,0.002153696,-0.309371918
0,-0.045228094,0.178139002
0,-0.018723143,-0.435628486
0,-0.003510235,-0.298214292
0,-0.026192801,0.044491555
0,-0.030622112,0.441469925
0,-0.047070125,-0.104118499
0,-0.03826768,0.272695512
0,0.038903447,-0.634243107
0,0.012495149,-0.039514201
0,-0.021385865,-0.060524684
0,0.008850944,-0.285027768
0,0.010908385,-0.039829642
0,0.010752275,-0.230301845
0,-0.005964819,0.181643604
0,-0.024728635,0.345788732
0,-0.042638241,0.428399732
0,-0.016906136,-0.104577758
0,0.007203531,-0.043106012
0,0.051138947,0.615663916
0,0.025053095,0.003587052
0,-0.006829605,-0.490031401
0,-0.027390381,0.442065109
0,-0.022878932,0.213749415
0,-0.025081301,0.203612136
0,-0.005962557,-0.402730272
0,-0.002097315,-0.205013284
0,0.017276166,-0.239320254
0,0.013759762,-0.436061894
0,-0.014469715,0.715189784
0,-0.006948178,0.372795588
0,0.032776644,-0.115077446
0,0.00580692,-0.261286577
0,-0.017841392,0.253909659
0,-0.011266686,0.117922312
0,-0.007266422,-0.303023285
0,0.009856519,-0.251005079
0,-0.007454081,0.98438999
0,0.000539397,-0.393180969
0,0.03558099,0.145292505
0,0.014736505,-0.164556386
0,0.001578532,0.227053568
0,0.014736013,0.433442403
0,0.000776578,0.346731539
0,0.011833631,0.393019828
0,-0.003834503,-0.238833526
0,0.004503638,0.267453626
0,-0.006437768,-0.324637606
0,-0.01118482,-0.543805288
0,-0.008971059,0.469591807
0,-0.022355164,0.592702923
0,-0.017874396,-0.324670363
0,-0.003935071,-0.330410034
0,0.01691358,-0.212781279
0,-0.003358828,0.47931784
0,-0.00929836,0.24222935
0,0.023197672,1.008580716
0,0.034047667,-0.188820673
0,0.002750339,-0.291894894
0,-0.008421541,-0.11717337
0,0.001908992,0.265137566
0,0.005055022,-0.396622794
0,-0.026889001,-0.067148229
0,-0.020077926,0.21783986
0,-0.000324583,-0.208060016
0,-0.010268274,0.091170825
0,0.002460428,-0.380210017
0,0.017344351,0.722402328
0,0.001527945,-0.262770761
0,-0.015175847,0.948829141
0,-0.001875255,-0.577452201
0,-0.020217285,2.057590901
0,-0.015048564,-0.447995962
0,-0.000719485,0.005457705
0,-0.010207107,0.623149684
0,0.009970047,-0.467773995
0,0.007583782,-0.247818538
0,-0.011731562,-0.076904407
0,-0.034633877,2.056734921
0,-0.006214465,-0.595531714
0,0.019602626,-0.268940272
0,0.021835581,2.611005038
0,0.008981781,-0.69191674
0,-0.003417289,-0.099062727
0,-0.009059351,0.530387534
0,0.012089884,-0.258268996
0,0.013085138,-0.493909874
0,-0.003708179,0.344214551
0,0.003763801,0.008077357
0,0.00912424,-0.216444836
0,0.002890054,1.489654514
0,-0.007698324,0.919502644
0,-0.015308662,0.113765773
0,-0.014746155,-0.520928707
0,-0.019756254,-0.037716371
0,-0.012389303,-0.030772379
0,-0.008127567,0.302114939
0,0.00178134,-0.079078899
0,-0.021382529,0.511689596
0,-0.019487599,-0.220161106
0,-0.000370628,-0.176329254
0,0.029892942,-0.265212603
0,0.015120151,0.634092184
0,-0.009708307,-0.079871533
0,-0.041810287,0.743107579
0,-0.019154403,-0.47107998
0,-0.022386282,1.235835893
0,-0.014957369,-0.357906053
0,0.008358888,-0.366351654
0,0.020993771,0.227197153
0,0.029882296,-0.316079828
0,0.013061529,-0.376196611
0,-4.60E-05,-0.211494151
0,0.006769202,2.459424842
0,-0.00439098,-0.593320281
0,-0.006064226,0.808338333
0,-0.006794546,-0.566140129
0,-0.014473194,0.300570679
0,-0.021107806,0.741985149
1,-0.020067535,-0.117662307
1,-0.011174559,0.71380531
0,0.019216409,-0.58762004
0,0.021345186,-0.224866584
0,0.003156385,0.096283698
0,-0.017353166,0.08301849
1,-0.017902193,-0.218183444
1,-0.000790397,0.357400893
0,0.020269936,0.498900428
0,0.02708727,0.001277188
0,0.010426496,-0.102135154
0,0.023065789,1.661493742
0,0.00552234,-0.807788716
0,0.007262164,0.591196347
0,-0.004190699,0.696285017
0,-0.006561383,-0.259913383
0,0.004099481,-0.515321356
0,-0.003719833,0.886236918
0,0.004234587,-0.561238808
0,0.019587395,0.853979991
0,-0.023569173,1.066032623
0,-0.03106071,-0.21349056
0,-0.013976892,-0.344825943
0,0.006048006,0.090202984
0,0.019913583,-0.248603008
0,0.010683367,-0.181472434
0,-0.003827228,-0.090852016
0,-0.007500915,0.172917123
0,-0.000184332,0.146583117
0,0.001659292,-0.105966526
0,-0.000368121,-0.6049055
0,-0.001473025,0.265094288
0,-0.010326388,0.380585278
0,-0.004471772,-0.080713832
0,0.004117537,1.36001049
0,0.000372787,0.152630531
0,-0.025340041,0.237177741
0,-0.01949914,-0.520735187
0,-0.003704426,0.083238013
0,-0.015264188,0.610380096
0,-0.003775835,-0.026032785
0,-0.012367844,0.302920774
0,-0.005049485,-0.628441438
1,-0.01319529,0.697456643
1,-0.002468628,-0.655935954
1,0.006186843,0.183855289
1,0.013117442,0.763818556
1,0.001416144,-0.169025185
1,-0.011919192,-0.16299153
1,-0.003884686,-0.593841497
1,0.002463054,0.346711373
1,0.013718264,1.426966323
1,0.009493032,0.164280713
0,0.015006002,0.2913374
0,0.005519417,-0.36152349
1,-0.01156636,-0.304079808
1,0.006346688,-0.625787143
1,0.006700828,0.004928372
1,-0.000978857,1.555624614
1,0.000979816,0.120590334
1,0.027407987,0.878569403
1,0.007621951,0.042130824
1,-0.005484115,-0.585841207
1,0.000570451,-0.616145428
1,0.005131129,0.910279881
1,0.018907166,3.800921761
1,0.003154574,-0.589165683
1,-0.001294858,-0.393698966
1,0.001481756,1.034655572
1,-0.000739782,-0.336529568
1,0.009254118,0.664846668
1,0.0124702,-0.203250222
1,0.003079152,1.632166257
1,-0.003430841,-0.67126208
1,0.007066498,1.113403311
1,-0.006117308,-0.093647711
1,-0.004887762,0.053878702
1,0,-0.132009405
0,0.020192832,1.700395618
0,0.005884451,-0.582023272
0,0.006736394,-0.09617469
0,0.007571756,0.622131913
0,0,-0.516912229
0,0.016078294,0.709626829
0,0.053147575,3.351672686
0,-0.015025314,-0.450151048
0,-0.028021887,-0.195920311
0,0.007676561,-0.513458409
0,-0.007787371,-0.029111113
0,0.010237161,-0.507512785
0,0.006417835,-0.030793756
0,-0.014431952,0.466659091
0,-0.007321641,-0.466559902
0,-0.009605489,1.365852316
0,0.000865951,-0.361097929
0,0.011247621,0.004536509
0,-0.004106776,-0.227495969
0,0.00137457,0.196034308
0,0.008407687,0.440182976
0,0.006636039,-0.030394957
0,0.007606491,-0.167381841
0,0.013756081,2.068012556
0,0.00910144,-0.680040779
0,0.001639882,0.630105655
0,-0.016208251,-0.095090633
0,-0.007988018,-0.319821623
0,0.00520047,0.294252784
0,0.005841121,-0.343120268
0,-0.016966438,0.959929508
0,-0.000282939,-0.113747404
0,0.006415094,-0.383643533
0,0.005343082,-0.156962256
0,-0.001678322,0.249301314
0,0.003175493,-0.620502222
0,0.006889489,-0.667059073
0,0.002866389,1.515797984
0,-0.006546192,0.425997332
0,-0.020974478,2.105886618
0,-0.004076216,-0.418223396
0,0.018275271,-0.618342077
0,0.011871378,3.189969522
0,-9.24E-05,-0.198319389
0,0.005912786,-0.718378242
0,-0.004959589,-0.543620868
0,-0.002676758,4.314066305
0,0.002128644,-0.306012337
0,-0.001200591,-0.310279617
0,-0.006749884,2.191795626
0,0.009123068,-0.136094652
0,0.006180812,0.152829292
0,0.000275053,-0.592257134
0,-0.004582951,0.077272441
0,-0.001841621,1.349628809
0,0.003413284,0.165738851
0,-0.001103245,-0.864680749
0,-0.001564657,0.326180218
0,-0.010693215,2.460005829
0,-0.010740637,1.031699499
0,-0.012462236,-0.17241011
